"共通","共通","日本","日本","日本","日本","ドル円","ドル円","ドル円","ドル円","NYダウ","NYダウ","NYダウ","NYダウ","投資部門別","投資部門別","凪","凪","日柄","日柄","指標","指標","指標"
"日付","合計","短期線","中期線","長期線","増田","短期線","中期線","長期線","増田","短期線","中期線","長期線","増田","海外買い","個人売り","勝率","期待値","日経週足","ドル円週足","騰落レシオ","空売り比率","新高安値"
"-","1.0","0.025","0.025","0.025","0.025","0.025","0.025","0.025","0.025","0.025","0.025","0.025","0.025","0.175","0.175","0.025","0.025","0.15","0.05","0.025","0.025","0.05"
"2016/03/14","-4","5","0","-2","3","0","-2","-2","-10","0","0","-2","8","-10","-10","-10","-10","0","0","10","0","0"
"2016/03/15","-4","5","0","-2","3","0","-2","-2","3","5","5","-2","8","-10","-10","-10","-10","0","0","-10","0","0"
"2016/03/16","-3","5","0","-2","3","-2","-2","-2","3","5","5","-2","8","-10","-10","-10","-10","0","0","10","0","0"
"2016/03/17","-4","0","5","-2","3","-5","-2","-2","-10","10","5","-2","8","-10","-10","-10","-10","0","0","10","0","0"
"2016/03/18","-4","-5","5","-2","3","-5","-2","-2","-10","5","5","-2","10","-10","-10","-10","-10","0","0","10","-10","0"
"2016/03/22","-3","-2","0","-2","3","-2","-2","-2","-10","5","5","-2","10","-10","-10","10","10","0","0","-10","0","0"
"2016/03/23","-3","-2","0","-2","3","-2","-2","-2","-10","0","0","0","10","-10","-10","10","10","0","0","-10","0","0"
"2016/03/24","-3","-2","5","-2","3","5","-2","-2","-10","0","5","-2","10","-10","-6","10","10","0","0","-10","-10","0"
"2016/03/25","-3","0","0","-2","3","5","0","-2","-10","0","0","0","0","-10","-6","10","10","0","0","-10","0","0"
"2016/03/28","0","5","5","-2","3","5","0","-2","-10","-2","5","-2","10","-10","-6","10","10","10","0","10","0","0"
"2016/03/29","-1","0","0","-2","3","0","0","-2","-10","0","0","0","10","-10","-6","10","10","10","0","-10","0","0"
"2016/03/30","0","-2","0","-2","3","0","0","-2","-10","0","5","0","10","-10","-6","10","10","10","0","10","0","0"
"2016/03/31","-2","-2","0","-2","3","-2","-2","-2","-10","0","5","0","10","-10","-10","10","10","10","0","-10","-10","0"
"2016/04/01","-2","-10","0","-2","3","-5","-2","-2","-10","5","5","0","10","-10","-10","10","10","10","0","-10","-10","0"
"2016/04/04","-3","-10","-2","-2","-10","-5","-2","-2","-10","0","5","0","10","-10","-10","0","-10","10","0","10","-10","0"
"2016/04/05","-3","-10","-2","-2","-10","-5","-2","-2","-10","-2","5","0","10","-10","-10","0","-10","10","0","-10","-10","0"
"2016/04/06","-4","-10","-2","-2","-10","-5","-2","-2","-10","-2","0","-2","10","-10","-10","0","-10","10","0","-10","-10","0"
"2016/04/07","2","-10","-2","-5","-10","-10","-2","-2","-10","-2","0","0","10","10","6","0","-10","10","0","-10","-10","0"
"2016/04/08","3","-5","-5","-5","-10","-10","-2","-2","-10","-2","0","0","10","10","6","0","-10","10","0","-10","0","0"
"2016/04/11","3","-5","-5","-5","-10","-10","-2","-2","-10","-2","0","0","10","10","6","-10","10","10","0","-10","-10","0"
"2016/04/12","4","0","-2","-2","-10","-5","-2","-2","-10","0","0","0","10","10","6","-10","10","10","0","10","0","0"
"2016/04/13","4","10","-2","-2","-10","-2","-2","-2","-10","0","0","0","10","10","6","-10","10","10","0","10","0","0"
"2016/04/14","5","10","0","-2","-10","0","-2","-2","-10","5","0","0","10","10","10","-10","10","10","0","10","0","0"
"2016/04/15","5","10","-2","-2","-10","0","-2","-2","-10","5","0","0","10","10","10","-10","10","10","0","-10","0","0"
"2016/04/18","5","10","-2","-2","-10","0","-2","-2","-10","10","0","0","10","10","10","0","10","10","0","-10","0","0"
"2016/04/19","6","10","-2","-2","3","0","-2","-2","-10","5","0","0","10","10","10","0","10","10","0","10","0","0"
"2016/04/20","5","10","-2","-2","8","0","-2","-2","-10","0","0","0","10","10","10","0","10","10","0","-10","0","0"
"2016/04/21","6","10","0","-2","8","0","-2","-2","-10","0","0","0","10","10","10","0","10","10","0","10","0","0"
"2016/04/22","6","10","0","-2","8","10","0","-2","-10","0","0","0","10","10","10","0","10","10","0","10","0","0"
"2016/04/25","4","10","0","-2","8","5","-2","-2","-10","-2","0","0","10","10","10","0","-10","0","0","10","0","0"
"2016/04/26","4","10","0","-2","8","5","-2","-2","3","-2","0","0","10","10","10","0","-10","0","0","-10","0","0"
"2016/04/27","4","5","0","-2","8","5","-2","-2","3","-2","0","0","10","10","10","0","-10","0","0","10","0","0"
"2016/04/28","-1","-10","-2","-2","8","-2","-2","-2","3","-2","0","0","10","6","-10","0","-10","0","0","-10","0","0"
"2016/05/02","-2","-10","-2","-2","8","-10","-5","-2","-10","-2","0","0","10","6","-10","-10","-10","0","0","-10","-10","0"
"2016/05/06","-2","-10","-2","-2","8","0","-2","-2","-10","-2","-2","0","-3","6","-10","-10","-10","0","0","-10","-10","0"
"2016/05/09","-1","-10","-2","-2","-10","5","-2","-2","-10","-2","-2","0","-3","6","-10","0","10","0","0","10","0","0"
"2016/05/10","-1","-10","-2","-2","-10","5","-2","-2","-10","0","0","0","-3","6","-10","0","10","0","0","10","-10","0"
"2016/05/11","-1","-2","-2","-2","-10","5","-2","-2","-10","0","-2","0","-3","6","-10","0","10","0","0","10","-10","0"
"2016/05/12","4","10","0","0","-10","5","0","-2","-10","0","0","0","-3","10","10","0","10","0","0","10","0","0"
"2016/05/13","3","5","0","0","-10","5","0","-2","-10","-2","-2","0","-3","10","10","0","10","0","0","-10","0","0"
"2016/05/16","3","5","0","-2","-10","0","0","-2","3","0","0","0","-3","10","10","0","-10","0","0","10","0","0"
"2016/05/17","3","0","0","-2","-10","-2","0","-2","-10","-5","-2","0","-3","10","10","0","-10","0","0","10","0","0"
"2016/05/18","3","0","0","-2","-8","5","0","-2","3","-2","-2","0","-3","10","10","0","-10","0","0","-10","0","0"
"2016/05/19","3","0","0","-2","-8","0","0","-2","3","-5","-2","0","-3","10","10","0","-10","0","0","-10","0","0"
"2016/05/20","3","5","0","-2","-3","5","0","-2","3","-2","-2","0","-3","10","10","0","-10","0","0","10","0","0"
"2016/05/23","2","0","0","-2","-3","0","0","-2","3","-2","-2","0","-3","10","10","0","-10","0","0","-10","-10","0"
"2016/05/24","3","-2","0","-2","-3","0","0","-2","3","0","-2","0","-3","10","10","0","-10","0","0","-10","0","0"
"2016/05/25","3","0","-2","-2","-3","0","0","-2","3","5","-2","0","-3","10","10","0","-10","0","0","-10","0","0"
"2016/05/26","3","0","-2","-2","-3","-2","0","-2","3","5","-2","0","-3","6","10","0","-10","0","0","10","0","0"
"2016/05/27","3","0","0","-2","-3","0","-2","-2","3","5","-2","0","10","6","10","0","-10","0","0","10","0","0"
"2016/05/30","1","5","0","0","10","5","-2","-2","3","0","0","0","0","6","10","0","-10","-10","0","-10","0","0"
"2016/05/31","2","10","0","0","10","0","-2","-2","3","5","-2","0","10","6","10","0","-10","-10","0","10","-10","0"
"2016/06/01","1","0","-2","0","10","-2","-2","-2","3","0","-2","0","10","6","10","0","-10","-10","0","-10","0","0"
"2016/06/02","-5","-2","-2","0","10","-2","0","-2","3","-2","-2","0","10","-10","-10","0","-10","-10","0","-10","-10","0"
"2016/06/03","-5","-2","-2","0","10","-10","0","-2","3","-2","-2","0","10","-10","-10","0","-10","-10","0","10","-10","0"
"2016/06/06","-6","-10","-2","0","10","-10","0","-2","-10","0","0","0","10","-10","-10","0","-10","-10","0","10","-10","0"
"2016/06/07","-5","-10","-2","0","10","-10","0","-2","-10","0","0","0","10","-10","-10","0","-10","-10","0","10","0","0"
"2016/06/08","-5","-2","0","0","10","-5","-2","-2","-10","0","0","0","10","-10","-10","0","-10","-10","0","10","0","0"
"2016/06/09","1","0","0","0","10","-5","-2","-2","-10","0","0","0","10","10","6","0","-10","-10","0","10","0","0"
"2016/06/10","0","-2","0","0","-3","0","-2","-2","-10","0","0","0","10","10","6","0","-10","-10","0","-10","-10","0"
"2016/06/13","1","-10","-2","-2","-8","-2","-2","-2","-10","-2","-2","0","10","10","6","0","10","-10","10","-10","-10","0"
"2016/06/14","1","-10","-2","-2","-8","-2","-2","-2","-10","-5","-2","0","10","10","6","0","10","-10","10","-10","-10","0"
"2016/06/15","1","-10","-2","0","-10","-2","-2","-2","-10","-5","-2","0","10","10","6","0","10","-10","10","10","-10","0"
"2016/06/16","-3","-10","-5","-2","-10","-10","-2","-2","-10","-5","0","0","-3","6","-10","0","10","-10","10","-10","-10","0"
"2016/06/17","-3","-10","-2","-2","-10","-10","-2","-2","-10","-2","-2","0","-3","6","-10","0","10","-10","10","10","-10","0"
"2016/06/20","-1","-2","-2","-2","-10","-5","-2","-2","-10","0","0","0","-3","6","-10","0","10","0","10","10","0","0"
"2016/06/21","-1","5","-2","0","-10","-5","-2","-2","-10","0","0","0","-3","6","-10","0","10","0","10","-10","0","0"
"2016/06/22","-1","0","-2","-2","-10","-5","-2","-2","-10","0","0","0","10","6","-10","0","10","0","10","-10","0","0"
"2016/06/23","0","10","-2","-2","-10","5","-2","-2","-10","5","0","0","10","6","-10","0","10","0","10","10","0","0"
"2016/06/24","-2","-10","-5","-2","-10","-5","-5","-2","-10","-5","-2","0","-3","6","-10","0","10","0","10","-10","-10","0"
"2016/06/27","-1","-10","-5","-2","-10","-5","-5","-2","-10","-10","-2","0","-8","6","-10","10","10","0","10","10","0","0"
"2016/06/28","-1","-10","-5","-2","-10","-5","-5","-2","-10","-5","-2","0","-8","6","-10","10","10","0","10","10","-10","0"
"2016/06/29","-1","-10","-5","-2","-10","-5","-5","-2","-10","-2","-2","0","-8","6","-10","10","10","0","10","10","0","0"
"2016/06/30","3","-10","-5","-2","-10","-10","-2","-2","-10","-2","0","0","-8","10","10","10","10","0","10","-10","0","0"
"2016/07/01","4","10","-5","-2","-10","0","-5","-2","-10","10","0","0","-8","10","10","10","10","0","10","10","-10","0"
"2016/07/04","3","10","-5","-2","-10","0","-5","-2","-10","0","0","0","0","10","10","0","-10","0","10","-10","-10","0"
"2016/07/05","3","5","-5","-2","-10","-2","-5","-2","-10","10","-2","0","-3","10","10","0","-10","0","10","-10","-10","0"
"2016/07/06","3","-2","-5","-2","-10","-5","-5","-2","-10","10","0","0","10","10","10","0","-10","0","10","-10","-10","0"
"2016/07/07","-4","-5","-5","-2","-10","-5","-5","-2","-10","0","0","0","10","-10","-10","0","-10","0","10","10","-10","0"
"2016/07/08","-5","-10","-5","-2","-10","-5","-2","-2","-10","0","0","0","10","-10","-10","0","-10","0","10","-10","-10","0"
"2016/07/11","-3","-2","-2","-2","-10","0","-2","-2","-10","5","0","0","10","-10","-10","0","10","0","10","10","0","0"
"2016/07/12","-2","10","-2","-2","-10","10","-2","-2","-10","10","0","0","10","-10","-10","0","10","0","10","10","0","0"
"2016/07/13","-3","10","-2","-2","-10","10","-2","-2","-10","10","0","0","10","-10","-10","0","10","0","10","-10","-10","0"
"2016/07/14","2","10","-2","-2","3","10","-2","-2","-10","10","0","0","10","-6","10","0","10","0","10","10","-10","0"
"2016/07/15","3","10","-2","-2","3","10","-2","-2","3","5","0","0","10","-6","10","0","10","0","10","10","0","0"
"2016/07/19","2","10","0","-2","8","5","0","-2","3","0","0","0","10","-6","10","0","-10","0","10","10","0","0"
"2016/07/20","2","10","0","-2","8","5","0","-2","3","0","0","0","10","-6","10","0","-10","0","10","10","0","0"
"2016/07/21","-2","10","0","0","8","0","0","-2","3","0","0","0","10","-10","-10","0","-10","0","10","10","0","0"
"2016/07/22","-2","5","5","0","8","5","0","-2","3","0","0","0","10","-10","-10","0","-10","0","10","10","-10","0"
"2016/07/25","-3","0","5","0","8","-2","0","-2","3","-2","0","0","10","-10","-10","0","10","0","0","-10","-10","0"
"2016/07/26","-4","-5","0","0","8","-5","-2","-2","3","-2","0","0","10","-10","-10","0","10","0","0","-10","-10","0"
"2016/07/27","-3","-2","0","0","8","-5","0","-2","3","-2","0","0","10","-10","-10","0","10","0","0","-10","-10","0"
"2016/07/28","4","-5","0","0","8","-2","-2","-2","3","-2","0","0","10","10","10","0","10","0","0","10","-10","0"
"2016/07/29","3","-2","0","0","8","-10","-2","-2","3","-2","0","0","10","10","10","0","10","0","0","-10","-10","0"
"2016/08/01","4","0","5","0","8","-10","0","-2","3","-2","0","0","10","10","10","0","-10","0","0","10","-10","0"
"2016/08/02","3","0","5","0","8","-10","-2","-2","-10","-2","5","0","10","10","10","0","-10","0","0","-10","-10","0"
"2016/08/03","2","-10","0","-2","8","-10","-2","-2","-10","-2","0","0","10","10","10","0","-10","0","0","-10","-10","0"
"2016/08/04","-2","-5","0","-2","8","-10","-2","-2","-10","-2","0","0","10","-10","6","0","-10","0","0","-10","-10","0"
"2016/08/05","-2","-5","0","-2","3","-2","-2","-2","-10","0","0","0","10","-10","6","0","-10","0","0","-10","-10","0"
"2016/08/08","-1","0","0","0","3","0","-2","-2","-10","0","0","0","10","-10","6","0","10","0","0","-10","0","0"
"2016/08/09","0","5","0","-2","8","0","0","-2","-10","0","0","0","10","-10","6","0","10","0","0","10","0","0"
"2016/08/10","0","10","5","-2","8","0","-2","-2","-10","0","0","0","10","-10","6","0","10","0","0","10","-10","0"
"2016/08/12","2","10","5","-2","10","-2","0","-2","-10","0","0","0","10","-6","10","0","10","0","0","10","0","0"
"2016/08/15","1","10","5","-2","10","-2","-2","-2","-10","0","0","0","10","-6","10","-10","-10","0","0","10","-10","0"
"2016/08/16","0","-2","5","-2","10","-5","-2","-2","-10","0","0","0","10","-6","10","-10","-10","0","0","10","-10","0"
"2016/08/17","0","-2","5","-2","10","-2","-2","-2","-10","0","0","0","10","-6","10","-10","-10","0","0","-10","-10","0"
"2016/08/18","-5","-5","0","-2","10","-5","-2","-2","-10","-2","0","0","10","-10","-10","-10","-10","0","0","-10","-10","0"
"2016/08/19","-5","-5","0","-2","10","-2","-2","-2","-10","-2","0","0","10","-10","-10","-10","-10","0","0","-10","-10","0"
"2016/08/22","-4","-5","0","0","10","-2","-2","-2","-10","-2","-2","0","10","-10","-10","-10","-10","0","0","10","-10","0"
"2016/08/23","-5","-2","-2","0","-3","-2","-2","-2","-10","-2","-2","0","10","-10","-10","-10","-10","0","0","-10","-10","0"
"2016/08/24","-5","-2","-2","0","-3","0","-5","-2","-10","-2","-2","0","10","-10","-10","-10","-10","0","0","-10","-10","0"
"2016/08/25","-1","0","-2","-2","-3","0","-2","-2","-10","-2","-2","0","10","10","-10","-10","-10","0","0","-10","-10","0"
"2016/08/26","-2","-2","-2","-2","-3","5","-2","-2","-10","-2","-2","0","-3","10","-10","-10","-10","0","0","-10","-10","0"
"2016/08/29","2","0","0","0","-3","5","-2","-2","-10","-2","0","0","-3","10","-10","10","10","10","0","10","0","0"
"2016/08/30","2","5","0","0","10","10","-2","-2","-10","-2","-2","0","-3","10","-10","10","10","10","0","-10","-10","0"
"2016/08/31","3","5","0","0","10","10","-2","-2","3","-2","-2","0","-3","10","-10","10","10","10","0","10","0","0"
"2016/09/01","5","5","0","0","10","10","-2","-2","3","-2","-2","0","-3","6","10","10","10","10","0","-10","0","0"
"2016/09/02","6","10","0","0","10","5","0","-2","3","0","0","0","-3","6","10","10","10","10","0","10","0","0"
"2016/09/05","4","5","0","0","10","5","0","-2","3","0","0","0","0","6","10","10","10","0","0","-10","0","0"
"2016/09/06","4","5","0","0","10","-2","0","-2","3","0","0","0","-3","6","10","10","10","0","0","10","0","0"
"2016/09/07","4","0","0","0","10","-5","0","-2","3","0","0","0","-3","6","10","10","10","0","0","10","0","0"
"2016/09/08","1","0","0","0","10","-2","0","-2","3","0","0","0","-3","-10","10","10","10","0","0","10","-10","0"
"2016/09/09","0","0","0","0","10","-5","0","-2","3","-5","-2","0","-3","-10","10","10","10","0","0","-10","0","0"
"2016/09/12","0","-5","0","-2","10","-5","-2","-2","3","-2","-2","0","-3","-10","10","0","10","0","0","-10","-10","0"
"2016/09/13","-1","-5","0","-2","10","0","0","-2","3","-10","-2","0","-3","-10","10","0","10","0","0","-10","-10","0"
"2016/09/14","-1","-5","-2","-2","10","0","0","-2","3","-10","-2","0","-8","-10","10","0","10","0","0","-10","-10","0"
"2016/09/15","-2","-10","-2","-2","-3","-2","0","-2","3","-5","-2","0","-8","-10","6","0","10","0","0","-10","-10","0"
"2016/09/16","-1","-10","-2","-2","-3","-2","0","-2","3","0","-2","0","-8","-10","6","0","10","0","0","10","0","0"
"2016/09/20","-2","-2","-2","-2","-3","-2","0","-2","3","0","-2","0","-8","-10","6","-10","-10","0","0","10","-10","0"
"2016/09/21","-2","0","0","0","-3","-5","0","-2","-10","5","-2","0","-8","-10","6","-10","-10","0","0","10","-10","0"
"2016/09/23","2","0","0","0","-3","-2","0","-2","-10","0","-2","0","-8","6","10","-10","-10","0","0","10","0","0"
"2016/09/26","1","0","0","-2","-3","-5","-2","-2","-10","-2","-2","0","-8","6","10","-10","-10","0","0","10","-10","0"
"2016/09/27","2","0","0","-2","-3","-5","0","-2","-10","0","-2","0","-3","6","10","-10","-10","0","0","10","-10","0"
"2016/09/28","1","-2","-2","-2","-3","0","0","-2","-10","0","-2","0","-3","6","10","-10","-10","0","0","-10","0","0"
"2016/09/29","-5","-2","0","0","-3","0","0","-2","-10","-5","-2","0","-8","-10","-10","-10","-10","0","0","10","0","0"
"2016/09/30","-5","-5","-2","0","-3","0","-2","-2","-10","0","-2","0","-8","-10","-10","-10","-10","0","0","-10","0","0"
"2016/10/03","-4","0","0","0","-3","5","-2","-2","-10","0","-2","0","-8","-10","-10","0","10","0","0","10","0","0"
"2016/10/04","-4","0","0","0","-3","5","-2","-2","-10","-2","-2","0","-10","-10","-10","0","10","0","0","10","0","0"
"2016/10/05","-4","5","0","0","-3","10","0","-2","3","-2","-2","0","-10","-10","-10","0","10","0","0","-10","0","0"
"2016/10/06","4","0","0","0","-3","10","0","-2","8","0","-2","0","-10","10","10","0","10","0","0","10","0","0"
"2016/10/07","4","5","-2","0","10","5","-2","0","8","-2","-2","0","-10","10","10","0","10","0","0","-10","0","0"
"2016/10/11","3","10","0","0","10","0","0","0","8","-2","-2","0","3","10","10","0","10","-10","0","-10","0","0"
"2016/10/12","2","0","-2","0","10","0","0","0","8","-2","-2","0","3","10","10","0","10","-10","0","-10","0","0"
"2016/10/13","-3","-2","-2","0","10","-2","0","0","8","-2","-2","0","-10","-6","-6","0","10","-10","0","10","0","0"
"2016/10/14","-4","-2","-2","0","10","0","0","0","8","-2","0","0","-10","-6","-6","0","10","-10","0","-10","0","0"
"2016/10/17","-3","0","-2","0","10","0","0","0","8","-5","-2","0","-10","-6","-6","0","10","-10","0","10","-10","0"
"2016/10/18","-3","-2","0","0","10","0","0","0","8","0","0","0","-10","-6","-6","0","10","-10","0","10","0","0"
"2016/10/19","-3","0","0","0","10","-2","0","0","8","0","0","0","-10","-6","-6","0","10","-10","0","10","0","0"
"2016/10/20","3","10","0","0","10","0","0","0","8","0","-2","0","-10","10","10","0","10","-10","0","10","0","0"
"2016/10/21","2","5","0","0","10","-2","0","0","8","0","0","0","-10","10","10","0","10","-10","0","-10","0","0"
"2016/10/24","3","5","0","0","10","0","0","0","8","0","0","0","-10","10","10","10","10","-10","0","10","0","0"
"2016/10/25","3","5","0","0","10","0","0","-2","10","0","0","-2","-10","10","10","10","10","-10","0","10","0","0"
"2016/10/26","2","5","0","0","10","0","0","-2","10","-2","-2","-2","-10","10","10","10","10","-10","0","-10","0","0"
"2016/10/27","0","0","0","0","10","5","0","-2","10","0","-2","-2","-10","-6","10","10","10","-10","0","-10","0","0"
"2016/10/28","-1","5","0","0","10","0","0","-2","10","0","-2","-2","-10","-6","10","10","10","-10","0","-10","-10","0"
"2016/10/31","-2","0","0","0","10","0","0","-2","10","-2","0","-2","-10","-6","10","0","-10","-10","-10","-10","0","0"
"2016/11/01","-2","0","0","0","10","-2","0","-2","10","-2","-2","-2","-10","-6","10","0","-10","-10","-10","10","-10","0"
"2016/11/02","-2","-5","0","0","10","-2","0","-2","10","-5","-2","-2","-10","-6","10","0","-10","-10","-10","-10","0","0"
"2016/11/04","-1","-5","0","0","10","-5","0","-2","-3","-5","-2","-2","-10","6","6","0","-10","-10","-10","-10","0","0"
"2016/11/07","3","-5","0","0","10","-2","0","-2","-3","0","0","-2","-10","6","6","10","10","0","0","10","0","0"
"2016/11/08","3","-5","0","0","10","0","0","0","-3","5","0","-2","-10","6","6","10","10","0","0","10","0","0"
"2016/11/09","2","-10","-2","-2","-3","5","0","0","10","10","0","0","3","6","6","10","10","0","0","-10","-10","0"
"2016/11/10","5","0","0","0","-3","10","0","0","10","10","0","0","8","10","10","10","10","0","0","10","0","0"
"2016/11/11","5","10","0","0","-3","10","0","0","10","10","0","0","8","10","10","10","10","0","0","-10","0","0"
"2016/11/14","6","10","0","0","10","10","0","0","10","10","0","0","8","10","10","10","10","0","0","10","0","0"
"2016/11/15","6","10","0","0","10","10","0","0","10","10","0","0","8","10","10","10","10","0","0","10","0","0"
"2016/11/16","6","10","0","0","10","10","0","0","10","5","0","0","8","10","10","10","10","0","0","10","0","0"
"2016/11/17","5","10","0","0","10","10","0","0","10","0","0","0","8","10","10","10","10","0","0","10","0","0"
"2016/11/18","6","10","5","0","10","10","5","0","10","0","0","0","10","10","10","10","10","0","0","10","0","0"
"2016/11/21","6","5","5","0","10","5","5","0","10","0","0","0","10","10","10","10","10","0","0","10","0","0"
"2016/11/22","5","10","5","0","10","5","5","0","10","0","0","0","10","10","10","10","10","0","0","-10","0","0"
"2016/11/24","6","10","5","0","10","10","5","0","10","0","0","0","10","10","10","10","10","0","0","0","0","0"
"2016/11/25","6","10","5","0","10","5","5","0","10","5","0","0","10","10","10","10","10","0","0","0","0","0"
"2016/11/28","5","5","5","0","10","0","5","0","10","0","0","0","10","10","10","10","10","0","0","-10","0","0"
"2016/11/29","5","0","5","0","10","0","5","0","10","0","0","0","10","10","10","10","10","0","0","10","0","0"
"2016/11/30","5","0","0","0","10","5","5","0","10","0","0","0","10","10","10","10","10","0","0","-10","0","0"
"2016/12/01","2","0","5","0","10","0","5","0","10","0","0","0","10","10","-6","10","10","0","0","-10","0","0"
"2016/12/02","2","0","0","0","10","0","5","0","10","0","0","0","10","10","-6","10","10","0","0","-10","0","0"
"2016/12/05","2","-2","0","0","10","5","5","0","10","0","0","0","10","10","-6","0","10","0","10","-10","0","0"
"2016/12/06","2","0","0","0","10","5","5","0","10","0","5","0","10","10","-6","0","10","0","10","-10","0","0"
"2016/12/07","3","0","0","0","10","-2","5","0","10","5","5","0","10","10","-6","0","10","0","10","10","0","0"
"2016/12/08","6","5","5","0","10","-2","5","0","10","5","5","0","10","10","10","0","10","0","10","10","0","0"
"2016/12/09","6","10","5","0","10","5","5","0","10","10","5","0","10","10","10","0","10","0","10","10","0","0"
"2016/12/12","6","10","10","0","10","0","5","0","10","10","5","0","10","10","10","10","10","0","0","10","0","0"
"2016/12/13","5","10","5","0","10","0","5","0","10","10","5","0","10","10","10","10","10","0","0","-10","0","0"
"2016/12/14","5","10","5","0","10","10","5","0","10","0","5","0","10","10","10","10","10","0","0","-10","0","0"
"2016/12/15","6","10","10","0","10","10","5","0","10","0","0","0","10","10","10","10","10","0","0","10","0","0"
"2016/12/16","5","5","5","0","10","5","5","0","10","0","0","0","10","10","10","10","10","0","0","-10","0","0"
"2016/12/19","5","0","5","0","10","5","5","0","10","0","0","0","10","10","10","0","10","0","0","10","0","0"
"2016/12/20","5","5","5","0","10","5","5","0","10","0","0","0","10","10","10","0","10","0","0","-10","0","0"
"2016/12/21","5","0","5","0","10","0","5","0","10","0","0","0","10","10","10","0","10","0","0","-10","0","0"
"2016/12/22","-2","0","5","0","10","-2","5","0","10","0","0","0","10","-10","-6","0","10","0","0","-10","0","0"
"2016/12/26","-2","-2","5","0","10","-2","0","0","10","0","0","0","10","-10","-6","0","10","0","0","-10","0","0"
"2016/12/27","-2","0","5","0","10","-2","0","0","10","-2","0","0","10","-10","-6","0","10","0","0","-10","0","0"
"2016/12/28","-2","-2","5","0","10","-2","0","0","10","-2","0","0","10","-10","-6","0","10","0","0","-10","0","0"
"2016/12/29","4","-5","0","0","10","-2","0","0","10","-2","0","0","10","10","10","0","10","0","0","-10","-10","0"
"2016/12/30","5","-5","0","0","10","-2","0","0","10","-2","0","0","10","10","10","0","10","0","0","10","0","0"
"2017/01/04","4","0","5","0","10","-2","0","0","10","-2","0","0","10","10","10","-10","-10","0","0","10","0","0"
"2017/01/05","-2","0","0","0","10","-5","0","0","10","0","0","0","10","-6","-6","-10","-10","0","0","-10","0","0"
"2017/01/06","-2","0","0","0","10","0","0","0","10","0","0","0","10","-6","-6","-10","-10","0","0","10","0","0"
"2017/01/10","-1","0","0","0","10","-5","0","0","-3","-2","0","0","10","-6","-6","-10","10","10","0","-10","0","0"
"2017/01/11","0","5","0","0","10","-5","0","0","-3","0","0","0","10","-6","-6","-10","10","10","0","-10","0","0"
"2017/01/12","-2","-5","0","0","10","-2","0","0","-3","-2","0","0","10","-6","-10","-10","10","10","0","-10","-10","0"
"2017/01/13","-1","-2","0","0","10","-5","0","0","-3","-2","0","0","10","-6","-10","-10","10","10","0","10","0","0"
"2017/01/16","-2","-5","0","0","-3","-5","-2","0","-3","-2","0","0","10","-6","-10","0","-10","10","0","-10","-10","0"
"2017/01/17","-3","-10","0","0","-3","-10","-2","0","-3","-2","0","0","-3","-6","-10","0","-10","10","0","-10","-10","0"
"2017/01/18","-3","-5","0","0","-3","-2","-2","0","-3","-2","-2","0","-3","-6","-10","0","-10","10","0","-10","-10","0"
"2017/01/19","-2","-2","0","0","-3","0","-2","0","-3","-2","-2","0","-3","-10","-10","0","-10","10","0","10","0","0"
"2017/01/20","-2","-2","-2","0","-3","0","-2","0","-3","-2","-2","0","-3","-10","-10","0","-10","10","0","10","0","0"
"2017/01/23","-2","-2","-2","0","-3","-2","-2","0","-3","-2","-2","0","-3","-10","-10","10","10","10","0","-10","0","0"
"2017/01/24","-2","-2","-2","0","-3","0","-2","0","-3","0","0","0","-3","-10","-10","10","10","10","0","10","0","0"
"2017/01/25","-1","0","-2","0","-3","-2","-2","0","-3","5","0","0","-3","-10","-10","10","10","10","0","10","0","0"
"2017/01/26","0","5","0","0","-3","-2","-2","0","-3","5","0","0","10","-10","-6","10","10","10","0","10","0","0"
"2017/01/27","0","5","0","0","-3","0","-2","0","-3","5","0","0","10","-10","-6","10","10","10","0","10","0","0"
"2017/01/30","-2","5","-2","0","-3","0","-2","0","-3","0","0","0","10","-10","-6","0","-10","10","0","-10","0","0"
"2017/01/31","-1","5","-2","0","10","-2","-2","0","-3","-2","-2","0","10","-10","-6","0","-10","10","0","-10","0","10"
"2017/02/01","-1","0","-2","0","10","-2","-2","0","-3","-2","-2","0","10","-10","-6","0","-10","10","0","10","0","10"
"2017/02/02","-3","-10","-2","0","-3","-5","-2","0","-3","-2","0","0","10","-10","-10","0","-10","10","0","-10","-10","10"
"2017/02/03","-2","-10","-2","0","-3","-5","-2","0","-3","-2","0","0","10","-10","-10","0","-10","10","0","10","-10","10"
"2017/02/06","-2","-5","-2","0","-3","-5","-2","0","-3","0","0","0","10","-10","-10","0","10","10","0","-10","0","10"
"2017/02/07","-1","-2","-2","0","-3","-2","-2","0","-8","0","0","0","10","-10","-10","0","10","10","0","10","0","10"
"2017/02/08","-1","-2","-2","0","-3","-2","-2","0","-8","0","0","0","10","-10","-10","0","10","10","0","10","0","10"
"2017/02/09","0","-2","-2","0","-3","0","-2","0","-8","5","0","0","10","-6","-6","0","10","10","0","-10","0","10"
"2017/02/10","0","5","-2","0","-3","0","-2","0","-8","0","0","0","10","-6","-6","0","10","10","0","10","0","10"
"2017/02/13","1","10","0","0","10","5","-2","0","-8","5","0","0","10","-6","-6","10","10","10","0","10","0","10"
"2017/02/14","1","5","-2","0","10","5","-2","0","-3","5","0","0","10","-6","-6","10","10","10","0","-10","0","10"
"2017/02/15","2","5","0","0","10","5","-2","0","10","10","0","0","10","-6","-6","10","10","10","0","10","0","10"
"2017/02/16","0","5","0","0","10","0","-2","0","10","5","0","0","10","-10","-10","10","10","10","0","10","0","10"
"2017/02/17","-1","-2","-2","0","10","-2","-2","0","8","5","0","0","10","-10","-10","10","10","10","0","-10","0","10"
"2017/02/20","0","-2","0","0","10","-2","-2","0","3","0","0","0","10","-10","-10","10","10","10","0","10","0","10"
"2017/02/21","-1","0","0","0","10","-2","0","0","-10","0","0","0","10","-10","-10","10","10","10","0","10","0","10"
"2017/02/22","-1","-2","0","0","10","-2","-2","0","-10","0","0","0","10","-10","-10","10","10","10","0","-10","0","10"
"2017/02/23","0","0","0","0","10","-2","-2","0","-10","0","0","0","10","-10","-6","10","10","10","0","-10","0","10"
"2017/02/24","0","0","0","0","10","-2","-2","0","-10","0","0","0","10","-10","-6","10","10","10","0","-10","0","10"
"2017/02/27","-3","-2","0","0","10","-2","-2","0","-10","0","0","0","10","-10","-6","10","10","-10","0","10","-10","10"
"2017/02/28","-3","-5","0","0","10","-2","-2","0","-10","0","0","0","10","-10","-6","10","10","-10","0","10","0","10"
"2017/03/01","-3","0","0","0","10","0","0","0","-10","5","0","0","10","-10","-6","10","10","-10","0","-10","0","10"
"2017/03/02","-3","0","0","0","10","5","-2","0","-10","0","0","0","10","-10","-6","10","10","-10","0","-10","0","10"
"2017/03/03","-3","0","0","0","10","5","-2","0","3","0","0","0","10","-10","-6","10","10","-10","0","-10","0","10"
"2017/03/06","-2","5","0","0","10","0","0","0","3","0","0","0","10","-10","-6","10","10","-10","0","10","0","10"
"2017/03/07","-2","0","0","0","10","0","0","0","3","0","0","0","10","-10","-6","10","10","-10","0","10","0","10"
"2017/03/08","-3","-2","0","0","10","0","0","0","3","-2","0","0","10","-10","-6","10","10","-10","0","-10","0","10"
"2017/03/09","-3","-5","0","0","10","0","0","0","3","-2","0","0","10","-10","-6","10","10","-10","0","10","0","10"
"2017/03/10","-3","0","0","0","10","0","0","0","3","-2","0","0","10","-10","-6","10","10","-10","0","10","0","10"
"2017/03/13","-4","5","0","0","10","0","0","0","8","-2","0","0","10","-10","-6","-10","-10","-10","0","-10","0","10"
"2017/03/14","-3","5","0","0","10","0","0","0","8","-2","0","0","10","-10","-6","-10","-10","-10","0","10","0","10"
"2017/03/15","-4","5","0","0","10","-2","0","0","3","0","0","0","10","-10","-6","-10","-10","-10","0","-10","0","10"
"2017/03/16","-4","5","0","0","10","-5","0","-2","3","0","0","0","10","-10","-10","-10","-10","-10","0","10","0","10"
"2017/03/17","-5","-2","0","0","10","-5","-2","-2","3","0","0","0","10","-10","-10","-10","-10","-10","0","-10","0","10"
"2017/03/21","-5","-2","-2","0","10","-10","-2","-2","-10","-2","0","0","10","-10","-10","10","10","-10","-10","-10","0","10"
"2017/03/22","-6","-10","-2","0","10","-5","-2","-2","-10","-5","0","0","-3","-10","-10","10","10","-10","-10","-10","-10","10"
"2017/03/23","-6","-10","-2","0","-3","-5","-2","-2","-10","-5","0","0","-3","-10","-10","10","10","-10","-10","-10","0","10"
"2017/03/24","-5","-5","-2","0","-3","-2","-2","-2","-10","-5","-2","0","-3","-10","-10","10","10","-10","-10","10","0","10"
"2017/03/27","-7","-10","-2","0","-8","-5","-2","-2","-10","-5","-2","0","-3","-10","-10","0","-10","-10","-10","-10","-10","10"
"2017/03/28","-6","-5","-2","0","-8","-2","-2","-2","-10","0","-2","0","-3","-10","-10","0","-10","-10","-10","10","0","10"
"2017/03/29","-7","0","-2","0","-8","-2","-2","-2","-10","-2","-2","0","-3","-10","-10","0","-10","-10","-10","-10","-10","10"
"2017/03/30","-7","-2","-2","0","-8","0","-2","-2","-10","0","-2","0","-3","-10","-10","0","-10","-10","-10","-10","-10","10"
"2017/03/31","-7","-5","-2","-2","-8","0","-2","-2","-10","0","-2","0","-3","-10","-10","0","-10","-10","-10","-10","-10","10"
"2017/04/03","-7","-2","-2","-2","-8","0","-2","-2","-10","0","-2","0","-3","-10","-10","0","10","-10","-10","10","-10","-10"
"2017/04/04","-7","-5","-2","-2","-8","-2","-2","-2","-10","-2","-2","0","-3","-10","-10","0","10","-10","-10","-10","-10","-10"
"2017/04/05","-7","-5","-2","-2","-8","-2","-2","-2","-10","-2","-2","0","-3","-10","-10","0","10","-10","-10","-10","-10","-10"
"2017/04/06","-7","-5","-2","-2","-8","-2","-2","-2","-10","-2","-2","0","-3","-6","-10","0","10","-10","-10","-10","-10","-10"
"2017/04/07","-6","-5","-2","-2","-10","-2","-2","-2","-10","-2","-2","0","-3","-6","-10","0","10","-10","-10","10","-10","-10"
"2017/04/10","-6","-2","-2","-2","-10","0","-2","-2","-10","0","-2","0","-3","-6","-10","0","10","-10","-10","10","-10","-10"
"2017/04/11","-7","-2","-2","-2","-10","-2","-2","-2","-10","-2","-2","0","-3","-6","-10","0","10","-10","-10","-10","-10","-10"
"2017/04/12","-7","-5","-2","-2","-10","-5","-2","-2","-10","-2","-2","0","-3","-6","-10","0","10","-10","-10","-10","-10","-10"
"2017/04/13","-3","-2","-2","-2","-10","-5","-2","-2","-10","-2","-2","0","-3","-6","10","0","10","-10","-10","-10","-10","-10"
"2017/04/14","-3","-5","-2","-2","-10","-5","-2","-2","-10","0","0","0","0","-6","10","0","10","-10","-10","-10","0","-10"
"2017/04/17","-1","-5","-5","-2","-10","-5","-2","-2","-10","-2","-2","0","-3","-6","10","10","10","0","0","-10","-10","-10"
"2017/04/18","1","-5","-5","-2","-10","-2","-2","-2","-10","-2","-2","0","-3","-6","10","10","10","0","0","10","-10","10"
"2017/04/19","0","-2","-2","-2","-10","-2","-2","-2","-10","-2","-2","0","-3","-6","10","10","10","0","0","10","-10","-10"
"2017/04/20","3","0","-2","-2","-10","0","-2","-2","-10","-2","-2","0","-3","10","10","10","10","0","0","10","-10","-10"
"2017/04/21","4","5","-2","-2","-10","0","-2","-2","-10","0","-2","0","-3","10","10","10","10","0","0","10","-10","10"
"2017/04/24","4","10","-2","-2","-10","0","-2","-2","-10","0","-2","0","-3","10","10","-10","-10","0","10","10","0","10"
"2017/04/25","4","10","-2","-2","-10","5","-2","-2","-10","5","0","0","10","10","10","-10","-10","0","10","10","0","10"
"2017/04/26","5","10","0","-2","3","5","-2","-2","-10","10","0","0","10","10","10","-10","-10","0","10","10","0","10"
"2017/04/27","5","10","0","-2","3","5","0","-2","3","5","0","0","10","10","10","-10","-10","0","10","10","0","10"
"2017/04/28","5","10","-2","0","8","5","0","-2","3","5","0","0","10","10","10","-10","-10","0","10","-10","0","10"
"2017/05/01","5","5","0","0","8","5","0","-2","3","0","0","0","10","10","10","-10","-10","0","10","10","0","10"
"2017/05/02","4","5","0","0","8","0","0","-2","3","-2","0","0","10","10","10","-10","-10","0","10","-10","0","10"
"2017/05/08","6","10","0","0","8","5","0","0","8","0","0","0","10","10","10","0","10","0","0","10","0","10"
"2017/05/09","6","10","0","0","8","5","0","0","8","0","0","0","10","10","10","0","10","0","0","10","0","10"
"2017/05/10","5","10","0","0","8","5","0","0","8","-2","0","0","10","10","10","0","10","0","0","10","0","10"
"2017/05/11","5","10","0","0","8","0","0","-2","8","-2","0","0","10","10","10","0","10","0","0","-10","0","10"
"2017/05/12","5","5","0","0","8","0","0","-2","8","-2","0","0","10","10","10","0","10","0","0","10","0","10"
"2017/05/15","5","-2","0","0","8","0","0","-2","8","-2","0","0","10","10","10","0","10","0","0","10","0","10"
"2017/05/16","5","0","5","0","8","-2","0","0","8","0","0","0","10","10","10","0","10","0","0","10","0","10"
"2017/05/17","4","-2","0","0","8","-10","0","-2","8","-5","-2","0","10","10","10","0","10","0","0","-10","0","10"
"2017/05/18","1","-5","0","0","8","-5","0","-2","8","-2","0","0","10","10","-10","0","10","0","0","-10","0","10"
"2017/05/19","1","-5","0","0","10","-5","0","-2","3","-2","0","0","-3","10","-10","0","10","0","0","10","0","10"
"2017/05/22","0","-2","0","0","10","-5","0","-2","-10","-2","0","0","-3","10","-10","0","-10","0","0","10","0","10"
"2017/05/23","0","-5","0","0","10","-2","0","-2","-10","-2","0","0","-3","10","-10","0","-10","0","0","10","-10","10"
"2017/05/24","1","-2","5","0","10","0","0","-2","-10","5","0","0","-3","10","-10","0","-10","0","0","10","0","10"
"2017/05/25","4","5","5","0","10","0","0","-2","-10","5","0","0","10","10","10","0","-10","0","0","-10","0","10"
"2017/05/26","4","0","5","0","10","0","0","-2","-8","5","0","0","10","10","10","0","-10","0","0","-10","0","10"
"2017/05/29","4","0","5","0","10","-2","0","-2","-8","0","0","0","10","10","10","-10","-10","0","0","-10","0","10"
"2017/05/30","4","0","5","0","10","-2","-2","-2","-8","0","0","0","10","10","10","-10","-10","0","0","10","-10","10"
"2017/05/31","3","-2","0","0","10","-2","-2","-2","-8","-2","0","0","10","10","10","-10","-10","0","0","-10","0","10"
"2017/06/01","4","0","0","0","10","-2","0","-2","-8","0","0","0","10","10","10","-10","-10","0","0","10","0","10"
"2017/06/02","4","10","0","0","10","0","0","-2","-8","0","0","0","10","10","10","-10","-10","0","0","-10","0","10"
"2017/06/05","4","5","0","0","10","-5","-2","-2","-8","0","0","0","10","10","10","0","-10","0","0","-10","0","10"
"2017/06/06","4","5","0","0","10","-5","-2","-2","-8","0","0","0","10","10","10","0","-10","0","0","-10","0","10"
"2017/06/07","4","5","0","0","10","-2","-2","-2","-8","0","0","0","10","10","10","0","-10","0","0","10","0","10"
"2017/06/08","0","0","0","0","10","-2","-2","-2","-8","0","0","0","10","6","-6","0","-10","0","0","-10","0","10"
"2017/06/09","0","-2","0","0","10","0","-2","-2","-10","0","0","0","10","6","-6","0","-10","0","0","-10","0","10"
"2017/06/12","0","-5","0","0","10","-2","-2","-2","-10","0","0","0","10","6","-6","-10","-10","0","0","-10","0","10"
"2017/06/13","0","-2","0","0","10","0","-2","-2","-10","0","0","0","10","6","-6","-10","-10","0","0","10","0","10"
"2017/06/14","0","-2","-2","0","10","-2","-2","-2","-10","0","0","0","10","6","-6","-10","-10","0","0","-10","0","10"
"2017/06/15","2","-2","-2","0","10","0","-2","-2","-10","0","0","0","10","6","6","-10","-10","0","0","10","0","10"
"2017/06/16","2","-2","0","0","10","0","-2","-2","-10","0","0","0","10","6","6","-10","-10","0","0","10","0","10"
"2017/06/19","4","0","0","0","10","0","-2","-2","-10","5","0","0","10","6","6","10","10","0","0","10","0","10"
"2017/06/20","4","5","0","0","10","5","-2","-2","3","0","0","0","10","6","6","10","10","0","0","10","0","10"
"2017/06/21","4","5","0","0","10","5","0","-2","3","0","0","0","10","6","6","10","10","0","0","-10","0","10"
"2017/06/22","5","5","0","0","10","-2","-2","-2","3","0","0","0","10","6","10","10","10","0","0","10","0","10"
"2017/06/23","4","0","0","0","10","0","0","-2","8","-2","0","0","10","6","10","10","10","0","0","-10","0","10"
"2017/06/26","4","0","0","0","10","0","0","-2","8","-2","0","0","10","6","10","10","10","0","0","-10","0","10"
"2017/06/27","5","-2","0","0","10","0","-2","-2","8","-2","0","0","10","6","10","10","10","0","0","10","0","10"
"2017/06/28","4","-2","0","0","10","5","0","-2","8","-2","0","0","10","6","10","10","10","0","0","-10","0","10"
"2017/06/29","5","0","0","0","10","0","0","-2","8","-2","0","0","10","10","10","10","10","0","0","10","0","10"
"2017/06/30","5","-2","0","0","10","0","0","-2","8","-2","0","0","10","10","10","10","10","0","0","10","0","10"
"2017/07/03","5","-2","0","0","10","5","0","0","8","0","0","0","10","10","10","0","-10","0","0","10","0","10"
"2017/07/04","4","-2","0","0","10","0","0","0","8","0","0","0","10","10","10","0","-10","0","0","-10","0","10"
"2017/07/05","5","-2","0","0","10","0","0","0","10","0","0","0","10","10","10","0","-10","0","0","10","0","10"
"2017/07/06","0","-2","0","0","-3","0","0","0","10","0","0","0","10","-10","10","0","-10","0","0","-10","0","10"
"2017/07/07","0","-2","-2","0","-3","5","0","0","10","0","0","0","10","-10","10","0","-10","0","0","-10","-10","10"
"2017/07/10","2","0","-2","0","-3","0","0","0","10","-2","0","0","10","-10","10","10","10","0","0","10","0","10"
"2017/07/11","2","0","0","0","10","0","0","0","10","-2","0","0","10","-10","10","10","10","0","0","10","0","10"
"2017/07/12","1","0","0","0","10","-2","0","0","10","0","0","0","10","-10","10","10","10","0","0","-10","0","10"
"2017/07/13","6","0","0","0","10","0","0","0","10","0","0","0","10","10","10","10","10","0","0","10","0","10"
"2017/07/14","5","0","0","0","10","-2","0","0","10","0","0","0","10","10","10","10","10","0","0","10","0","10"
"2017/07/18","5","-2","0","0","10","-5","0","0","10","0","0","0","10","10","10","10","10","0","0","-10","0","10"
"2017/07/19","5","-2","0","0","-3","-2","0","0","10","0","0","0","10","10","10","10","10","0","0","10","0","10"
"2017/07/20","2","0","0","0","-3","-5","0","0","-3","0","0","0","10","-6","10","10","10","0","0","10","0","10"
"2017/07/21","2","0","0","0","-3","-2","0","-2","-3","-2","0","0","10","-6","10","10","10","0","0","10","0","10"
"2017/07/24","0","-2","0","0","-3","-5","-2","0","-3","-2","0","0","10","-6","10","-10","-10","0","0","-10","0","10"
"2017/07/25","0","-2","-2","0","-3","-2","0","0","-3","0","0","0","10","-6","10","-10","-10","0","0","-10","0","10"
"2017/07/26","0","0","-2","0","-3","-2","-2","0","-8","0","0","0","10","-6","10","-10","-10","0","0","-10","0","10"
"2017/07/27","-3","-2","-2","0","-3","-2","-2","0","-8","0","0","0","10","-10","-10","-10","-10","0","0","10","0","10"
"2017/07/28","-4","-2","-2","0","-3","-2","-2","0","-8","0","0","0","10","-10","-10","-10","-10","0","0","-10","-10","10"
"2017/07/31","-4","-2","-2","0","-3","-2","-2","0","-8","5","0","0","10","-10","-10","-10","-10","0","0","-10","-10","10"
"2017/08/01","-4","0","-2","0","-3","-5","-2","0","-8","5","0","0","10","-10","-10","-10","-10","0","0","-10","0","10"
"2017/08/02","-4","0","-2","0","-3","-2","-2","0","-8","5","0","0","10","-10","-10","-10","-10","0","0","-10","0","10"
"2017/08/03","-3","-2","-2","0","-3","-2","-2","0","-8","0","0","0","10","-10","-6","-10","-10","0","0","10","0","10"
"2017/08/04","-3","-2","-2","0","-3","0","-2","0","-8","0","0","0","10","-10","-6","-10","-10","0","0","-10","0","10"
"2017/08/07","-4","0","0","0","-3","0","-2","0","-8","0","0","0","10","-10","-6","-10","-10","-10","0","10","0","10"
"2017/08/08","-5","0","-2","0","-3","-2","-2","-2","-8","0","0","0","10","-10","-6","-10","-10","-10","0","-10","0","10"
"2017/08/09","-5","-5","-2","0","-3","-2","-2","-2","-8","0","0","0","10","-10","-6","-10","-10","-10","0","-10","-10","10"
"2017/08/10","-6","-5","-2","0","-3","-2","-2","-2","-10","-2","0","0","10","-10","-10","-10","-10","-10","0","-10","-10","10"
"2017/08/14","-6","-5","-2","0","-8","-2","-2","-2","-10","-2","0","0","10","-10","-10","0","10","-10","0","-10","-10","-10"
"2017/08/15","-5","-5","-2","0","-8","0","-2","-2","-10","-2","0","0","10","-10","-10","0","10","-10","0","10","0","10"
"2017/08/16","-5","-5","-2","0","-8","0","-2","-2","-10","-2","0","0","10","-10","-10","0","10","-10","0","-10","0","10"
"2017/08/17","-5","-2","-2","0","-8","0","-2","-2","-10","-2","0","0","10","-10","-10","0","10","-10","0","-10","-10","10"
"2017/08/18","-6","-5","-2","0","-8","0","-2","-2","-10","-2","0","0","10","-10","-10","0","10","-10","0","-10","-10","-10"
"2017/08/21","-6","-2","-2","0","-10","-2","-2","-2","-10","-5","0","0","-3","-10","-10","-10","-10","-10","0","10","-10","10"
"2017/08/22","-6","-5","-2","-2","-10","-2","-2","-2","-10","-2","0","0","-3","-10","-10","-10","-10","-10","0","-10","-10","10"
"2017/08/23","-6","-5","-2","-2","-10","-2","-2","-2","-10","-2","0","0","-3","-10","-10","-10","-10","-10","0","10","-10","10"
"2017/08/24","-6","-5","-2","-2","-10","-2","-2","-2","-10","0","0","0","-3","-10","-10","-10","-10","-10","0","-10","-10","10"
"2017/08/25","-6","-2","-2","-2","-10","0","-2","-2","-10","0","0","0","-3","-10","-10","-10","-10","-10","0","-10","-10","10"
"2017/08/28","-6","0","-2","-2","-10","0","-2","-2","-10","0","0","0","-3","-10","-10","0","10","-10","-10","10","-10","10"
"2017/08/29","-6","-2","-2","-2","-10","0","-2","-2","-10","-2","0","0","-3","-10","-10","0","10","-10","-10","-10","-10","10"
"2017/08/30","-6","0","-2","-2","-10","0","-2","-2","-10","0","0","0","-3","-10","-10","0","10","-10","-10","10","-10","10"
"2017/08/31","-5","5","-2","-2","-10","0","-2","-2","-10","0","0","0","-3","-10","-6","0","10","-10","-10","10","-10","10"
"2017/09/01","-4","0","-2","-2","-10","0","-2","-2","3","0","0","0","-3","-10","-6","0","10","-10","-10","10","0","10"
"2017/09/04","-4","0","-2","-2","-10","0","-2","-2","3","0","0","0","10","-10","-6","10","10","-10","-10","-10","-10","10"
"2017/09/05","-6","0","-2","-2","-10","-2","-2","-2","3","-2","-2","0","10","-10","-6","10","10","-10","-10","-10","-10","-10"
"2017/09/06","-6","-2","-2","-2","-10","-2","-2","-2","-10","-2","-2","0","-3","-10","-6","10","10","-10","-10","10","-10","-10"
"2017/09/07","-6","-5","-2","-2","-10","-5","-2","-2","-10","-2","-2","0","-3","-10","-10","10","10","-10","-10","10","-10","10"
"2017/09/08","-6","-5","-2","-2","-10","-5","-2","-2","-10","-2","-2","0","-3","-10","-10","10","10","-10","-10","-10","-10","10"
"2017/09/11","-6","0","-2","-2","-10","-2","-2","-2","-10","-10","-10","-10","-10","-10","-10","10","10","-10","-10","10","0","10"
"2017/09/12","-4","5","-2","0","-10","5","-2","-2","-10","10","10","10","10","-10","-10","10","10","-10","-10","10","0","10"
"2017/09/13","-5","10","-2","0","3","0","0","-2","-10","-10","-10","-10","-10","-10","-10","10","10","-10","-10","10","0","10"
"2017/09/14","0","5","0","0","3","5","0","-2","3","10","0","0","-10","0","0","10","10","-10","-10","10","0","10"
"2017/09/15","-1","4","0","0","2","4","0","-2","2","8","0","0","-8","0","0","10","10","-10","-10","0","0","0"
"2017/09/18","-2","3","0","0","2","3","0","-2","2","6","0","0","-6","0","0","0","10","-10","-10","0","0","0"
"2017/09/19","-2","2","0","0","1","2","0","-2","1","4","0","0","-4","0","0","0","10","-10","-10","0","0","0"
"2017/09/20","-2","1","0","0","1","1","0","-2","1","2","0","0","-2","0","0","0","10","-10","-10","0","0","0"
"2017/09/21","-2","0","0","0","0","0","0","-2","0","0","0","0","0","0","0","0","10","-10","-10","0","0","0"
"2017/09/22","-2","0","0","0","0","0","0","-2","0","0","0","0","0","0","0","0","10","-10","-10","0","0","0"
"2017/09/25","-3","0","0","0","0","0","0","-2","0","0","0","0","0","0","0","-10","-10","-10","-10","0","0","0"
"2017/09/26","-3","0","0","0","0","0","0","-2","0","0","0","0","0","0","0","-10","-10","-10","-10","0","0","0"
"2017/09/27","-3","0","0","0","0","0","0","-2","0","0","0","0","0","0","0","-10","-10","-10","-10","0","0","0"
"2017/09/28","-3","0","0","0","0","0","0","-2","0","0","0","0","0","0","0","-10","-10","-10","-10","0","0","0"
"2017/09/29","-3","0","0","0","0","0","0","-2","0","0","0","0","0","0","0","-10","-10","-10","-10","0","0","0"
"2017/10/02","-1","0","0","0","0","0","0","-2","0","0","0","0","0","0","0","-10","-10","0","-10","0","0","0"
"2017/10/03","-1","0","0","0","0","0","0","-2","0","0","0","0","0","0","0","-10","-10","0","-10","0","0","0"
"2017/10/04","-1","0","0","0","0","0","0","-2","0","0","0","0","0","0","0","-10","-10","0","-10","0","0","0"
"2017/10/05","-1","0","0","0","0","0","0","-2","0","0","0","0","0","0","0","-10","-10","0","-10","0","0","0"
"2017/10/06","-1","0","0","0","0","0","0","-2","0","0","0","0","0","0","0","-10","-10","0","-10","0","0","0"
"2017/10/09","-1","0","0","0","0","0","0","-2","0","0","0","0","0","0","0","-10","-10","0","-10","0","0","0"
"2017/10/10","-1","0","0","0","0","0","0","-2","0","0","0","0","0","0","0","-10","-10","0","-10","0","0","0"
"2017/10/11","-1","0","0","0","0","0","0","-1","0","0","0","0","0","0","0","-10","-10","0","-10","0","0","0"
"2017/10/12","-1","0","0","0","0","0","0","-1","0","0","0","0","0","0","0","-10","-10","0","-10","0","0","0"
"2017/10/13","-1","0","0","0","0","0","0","-1","0","0","0","0","0","0","0","-10","-10","0","-10","0","0","0"
"2017/10/16","0","0","0","0","0","0","0","-1","0","0","0","0","0","0","0","10","10","0","-10","0","0","0"
"2017/10/17","0","0","0","0","0","0","0","-1","0","0","0","0","0","0","0","10","10","0","-10","0","0","0"
"2017/10/18","0","0","0","0","0","0","0","-1","0","0","0","0","0","0","0","10","10","0","-10","0","0","0"
"2017/10/19","0","0","0","0","0","0","0","-1","0","0","0","0","0","0","0","10","10","0","-10","0","0","0"
"2017/10/20","0","0","0","0","0","0","0","-1","0","0","0","0","0","0","0","10","10","0","-10","0","0","0"
"2017/10/23","2","0","0","0","0","0","0","-1","0","0","0","0","0","0","0","10","10","10","10","0","0","0"
"2017/10/24","2","0","0","0","0","0","0","-1","0","0","0","0","0","0","0","10","10","10","10","0","0","0"
"2017/10/25","2","0","0","0","0","0","0","-1","0","0","0","0","0","0","0","10","10","10","10","0","0","0"
"2017/10/26","2","0","0","0","0","0","0","-1","0","0","0","0","0","0","0","10","10","10","10","0","0","0"
"2017/10/27","2","0","0","0","0","0","0","-1","0","0","0","0","0","0","0","10","10","10","10","0","0","0"
"2017/10/30","2","0","0","0","0","0","0","-1","0","0","0","0","0","0","0","0","10","10","10","0","0","0"
"2017/10/31","2","0","0","0","0","0","0","-1","0","0","0","0","0","0","0","0","10","10","10","0","0","0"
"2017/11/01","2","0","0","0","0","0","0","-1","0","0","0","0","0","0","0","0","10","10","10","0","0","0"
"2017/11/02","2","0","0","0","0","0","0","-1","0","0","0","0","0","0","0","0","10","10","10","0","0","0"
"2017/11/03","2","0","0","0","0","0","0","-1","0","0","0","0","0","0","0","0","10","10","10","0","0","0"
"2017/11/06","2","0","0","0","0","0","0","-1","0","0","0","0","0","0","0","10","10","10","10","0","0","0"
"2017/11/07","2","0","0","0","0","0","0","-1","0","0","0","0","0","0","0","10","10","10","10","0","0","0"
"2017/11/08","2","0","0","0","0","0","0","-1","0","0","0","0","0","0","0","10","10","10","10","0","0","0"
"2017/11/09","2","0","0","0","0","0","0","-1","0","0","0","0","0","0","0","10","10","10","10","0","0","0"
"2017/11/10","2","0","0","0","0","0","0","-1","0","0","0","0","0","0","0","10","10","10","10","0","0","0"
"2017/11/13","2","0","0","0","0","0","0","-1","0","0","0","0","0","0","0","10","10","10","0","0","0","0"
"2017/11/14","2","0","0","0","0","0","0","-1","0","0","0","0","0","0","0","10","10","10","0","0","0","0"
"2017/11/15","2","0","0","0","0","0","0","-1","0","0","0","0","0","0","0","10","10","10","0","0","0","0"
"2017/11/16","2","0","0","0","0","0","0","-1","0","0","0","0","0","0","0","10","10","10","0","0","0","0"
"2017/11/17","2","0","0","0","0","0","0","-1","0","0","0","0","0","0","0","10","10","10","0","0","0","0"
"2017/11/20","2","0","0","0","0","0","0","-1","0","0","0","0","0","0","0","10","10","10","0","0","0","0"
"2017/11/21","2","0","0","0","0","0","0","-1","0","0","0","0","0","0","0","10","10","10","0","0","0","0"
"2017/11/22","2","0","0","0","0","0","0","-1","0","0","0","0","0","0","0","10","10","10","0","0","0","0"
"2017/11/23","2","0","0","0","0","0","0","-1","0","0","0","0","0","0","0","10","10","10","0","0","0","0"
"2017/11/24","2","0","0","0","0","0","0","-1","0","0","0","0","0","0","0","10","10","10","0","0","0","0"
"2017/11/27","2","0","0","0","0","0","0","-1","0","0","0","0","0","0","0","10","10","10","0","0","0","0"
"2017/11/28","2","0","0","0","0","0","0","-1","0","0","0","0","0","0","0","10","10","10","0","0","0","0"
"2017/11/29","2","0","0","0","0","0","0","-1","0","0","0","0","0","0","0","10","10","10","0","0","0","0"
"2017/11/30","2","0","0","0","0","0","0","-1","0","0","0","0","0","0","0","10","10","10","0","0","0","0"
"2017/12/01","2","0","0","0","0","0","0","-1","0","0","0","0","0","0","0","10","10","10","0","0","0","0"
"2017/12/04","2","0","0","0","0","0","0","0","0","0","0","0","0","0","0","0","10","10","0","0","0","0"
"2017/12/05","2","0","0","0","0","0","0","0","0","0","0","0","0","0","0","0","10","10","0","0","0","0"
"2017/12/06","2","0","0","0","0","0","0","0","0","0","0","0","0","0","0","0","10","10","0","0","0","0"
"2017/12/07","2","0","0","0","0","0","0","0","0","0","0","0","0","0","0","0","10","10","0","0","0","0"
"2017/12/08","2","0","0","0","0","0","0","0","0","0","0","0","0","0","0","0","10","10","0","0","0","0"
"2017/12/11","1","0","0","0","0","0","0","0","0","0","0","0","0","0","0","-10","-10","10","0","0","0","0"
"2017/12/12","1","0","0","0","0","0","0","0","0","0","0","0","0","0","0","-10","-10","10","0","0","0","0"
"2017/12/13","1","0","0","0","0","0","0","0","0","0","0","0","0","0","0","-10","-10","10","0","0","0","0"
"2017/12/14","1","0","0","0","0","0","0","0","0","0","0","0","0","0","0","-10","-10","10","0","0","0","0"
"2017/12/15","1","0","0","0","0","0","0","0","0","0","0","0","0","0","0","-10","-10","10","0","0","0","0"
"2017/12/18","1","0","0","0","0","0","0","0","0","0","0","0","0","0","0","10","10","0","0","0","0","0"
"2017/12/19","1","0","0","0","0","0","0","0","0","0","0","0","0","0","0","10","10","0","0","0","0","0"
"2017/12/20","1","0","0","0","0","0","0","0","0","0","0","0","0","0","0","10","10","0","0","0","0","0"
"2017/12/21","1","0","0","0","0","0","0","0","0","0","0","0","0","0","0","10","10","0","0","0","0","0"
"2017/12/22","1","0","0","0","0","0","0","0","0","0","0","0","0","0","0","10","10","0","0","0","0","0"
"2017/12/25","1","0","0","0","0","0","0","0","0","0","0","0","0","0","0","10","10","0","0","0","0","0"
"2017/12/26","1","0","0","0","0","0","0","0","0","0","0","0","0","0","0","10","10","0","0","0","0","0"
"2017/12/27","1","0","0","0","0","0","0","0","0","0","0","0","0","0","0","10","10","0","0","0","0","0"
"2017/12/28","1","0","0","0","0","0","0","0","0","0","0","0","0","0","0","10","10","0","0","0","0","0"
"2017/12/29","1","0","0","0","0","0","0","0","0","0","0","0","0","0","0","10","10","0","0","0","0","0"
